Day,Topic,Caption,Hashtags
1,"""Navigating the Digital Age: Mental Health Challenges and Coping Strategies for Gen Z""","""Unlocking the secrets of Gen Z's digital world: Embracing mental wellness amidst the constant buzz of technology. Discover the power of resilience and self-care in our journey through the digital age.""","['#GenZMentalHealthMatters', '#DigitalAgeWellness', '#CopingWithOnlinePressure', '#MentalHealthForGenZ', '#NavigatingDigitalChallenges']"
2,"""The Rise of Mindfulness: How Gen Z is Embracing Mental Wellness""","""Mindfulness: Gen Z's secret weapon for mental wellness. Discover how this generation is redefining self-care and embracing a healthier mindset.""","['#MindfulGenZ', '#MentalWellnessRevolution', '#MindfulnessMovement', '#GenZMentalHealth', '#MindfulLivingForGenZ']"
3,"""Social Media and Self-Esteem: Understanding the Impact on Gen Z's Mental Health""","""Navigating the digital age: How Social Media shapes Gen Z's self-worth and mental well-being. Join the conversation on the impact of online validation on our generation's mental health.""","['#GenZMentalHealth #SocialMediaImpact', '#SelfEsteemInDigitalAge #GenZWellbeing', '#MentalHealthMatters #SocialMediaEffects', '#GenZOnlineLife #SelfEsteemSocialMedia', '#DigitalWellness #GenZSelfEsteemTrends']"
4,"""Gen Z and Mental Health: Breaking the Stigma and Seeking Support""","""Gen Z: Redefining Mental Health, One Conversation at a Time""

""Breaking the Stigma: How Gen Z is Speaking Up for Mental Wellness and Support""","['#GenZMentalHealthMatters', '#BreakingTheStigma #MentalHealthAwareness', '#SeekingSupport #GenZWellness', '#MentalHealthMatters #GenZSpeakUp', '#StigmaFree #GenZMentalHealthJourney']"
5,"""The Role of Education in Promoting Mental Health Awareness among Gen Z""","""Empowering Gen Z: How Education is Shaping Mental Health Awareness for a brighter, healthier future.""

""Unlocking Minds, Building Resilience: Education's pivotal role in nurturing mental wellness among Gen Z.""","['#EducationForMentalHealth', '#GenZMentalWellness', '#MentalHealthAwarenessEducation', '#EmpoweringGenZThroughEducation', '#EducateToHealGenZ']"
